Date,Forecast,Crypto
2025-12-31,83141.91048094345,BTC
2026-01-01,82586.86189513345,BTC
2026-01-02,82004.24923024344,BTC
2026-01-03,81442.90065463429,BTC
2026-01-04,80851.93563213426,BTC
2026-01-05,80257.02175004879,BTC
2026-01-06,79743.76742646308,BTC
2026-01-07,79180.24957601586,BTC
2026-01-08,78686.34336543188,BTC
2026-01-09,78306.86964997294,BTC
2026-01-10,77882.86734682019,BTC
2026-01-11,77426.11159154668,BTC
2026-01-12,77078.14431991836,BTC
2026-01-13,76795.45663331199,BTC
2026-01-14,76563.75340023485,BTC
2026-01-15,76378.96235923946,BTC
2026-01-16,76165.2108496725,BTC
2026-01-17,75971.84662668238,BTC
2026-01-18,75770.51973617292,BTC
2026-01-19,75598.64692168322,BTC
2026-01-20,75480.75267958606,BTC
2026-01-21,75351.03134323709,BTC
2026-01-22,75195.42159519799,BTC
2026-01-23,75061.81634761201,BTC
2026-01-24,74957.34692913841,BTC
2026-01-25,74847.52576675295,BTC
2026-01-26,74790.29977693816,BTC
2026-01-27,74746.18036383955,BTC
2026-01-28,74749.66809015104,BTC
2026-01-29,74734.41172310134,BTC
2026-01-30,74680.29675917706,BTC
2026-01-31,74659.81205007754,BTC
2026-02-01,74636.92425208556,BTC
2026-02-02,74684.86262807273,BTC
2026-02-03,74735.53532952943,BTC
2026-02-04,74699.68384118786,BTC
2026-02-05,74741.04294947756,BTC
2026-02-06,74701.81414701685,BTC
2026-02-07,74718.64226409892,BTC
2026-02-08,74701.96352821827,BTC
2026-02-09,74706.23712954595,BTC
2026-02-10,74764.52827227523,BTC
2026-02-11,74812.59654495929,BTC
2026-02-12,74856.17039193097,BTC
2026-02-13,74945.93550431664,BTC
2026-02-14,74985.56049170287,BTC
2026-02-15,75056.86728346051,BTC
2026-02-16,75121.63377652975,BTC
2026-02-17,75140.7805496513,BTC
2026-02-18,75208.11250248412,BTC
2026-02-19,75345.23145572096,BTC
2026-02-20,75377.23150699976,BTC
2026-02-21,75391.35127795168,BTC
2026-02-22,75366.51502950635,BTC
2026-02-23,75345.82898052665,BTC
2026-02-24,75356.64288054273,BTC
2026-02-25,75312.22470504127,BTC
2026-02-26,75270.73570005468,BTC
2026-02-27,75221.4528932547,BTC
2026-02-28,75161.1158775494,BTC
2026-03-01,75097.75226880657,BTC
2026-03-02,75085.8147623624,BTC
2026-03-03,74942.38932449155,BTC
2026-03-04,74839.36825418827,BTC
2026-03-05,74801.78264494322,BTC
2026-03-06,74799.61337010516,BTC
2026-03-07,74781.30443067855,BTC
2026-03-08,74769.90599552647,BTC
2026-03-09,74778.31680665008,BTC
2026-03-10,74739.84789986617,BTC
2026-03-11,74749.92788354482,BTC
2026-03-12,74752.1880860707,BTC
2026-03-13,74790.45565297443,BTC
2026-03-14,74796.42440619651,BTC
2026-03-15,74852.2929755288,BTC
2026-03-16,74913.1106090126,BTC
2026-03-17,74919.08585706953,BTC
2026-03-18,74983.67698959797,BTC
2026-03-19,75016.85260598361,BTC
2026-03-20,75008.14303245716,BTC
2026-03-21,75067.73314215534,BTC
2026-03-22,75142.33931001398,BTC
2026-03-23,75229.61690065422,BTC
2026-03-24,75344.29619950335,BTC
2026-03-25,75456.03333816794,BTC
2026-03-26,75608.44113262871,BTC
2026-03-27,75715.70982492028,BTC
2026-03-28,75841.48879651865,BTC
2026-03-29,75997.34534828184,BTC
2026-03-30,76167.36064000602,BTC
2026-03-31,76327.54924661049,BTC
2026-04-01,76464.2395407476,BTC
2026-04-02,76599.60488857643,BTC
2026-04-03,76732.7425080536,BTC
2026-04-04,76863.06786404311,BTC
2026-04-05,76989.76260735455,BTC
2026-04-06,77112.13828549441,BTC
2026-04-07,77230.18840362784,BTC
2026-04-08,77343.08162289474,BTC
2026-04-09,77450.78546912089,BTC
2026-04-10,77553.63117888337,BTC
2026-04-11,77651.18359824759,BTC
2026-04-12,77742.92963526084,BTC
2026-04-13,77829.2330006744,BTC
2026-04-14,77910.314518873,BTC
2026-04-15,77986.44047808525,BTC
2026-04-16,78057.90314587916,BTC
2026-04-17,78124.60509973206,BTC
2026-04-18,78186.70871051506,BTC
2026-04-19,78244.18799888878,BTC
2026-04-20,78297.25079956825,BTC
2026-04-21,78346.29329747899,BTC
2026-04-22,78391.44538931787,BTC
2026-04-23,78432.58367322286,BTC
2026-04-24,78469.86402523023,BTC
2026-04-25,78503.53324906406,BTC
2026-04-26,78533.61082922888,BTC
2026-04-27,78560.49944548507,BTC
2026-04-28,78584.34198419919,BTC
2026-04-29,78605.5995786452,BTC
2026-04-30,78624.38264101546,BTC
2026-05-01,78640.5352952737,BTC
2026-05-02,78654.40826250153,BTC
2026-05-03,78666.04700654285,BTC
2026-05-04,78676.03606253368,BTC
2026-05-05,78684.63522386778,BTC
2026-05-06,78691.47428495903,BTC
2026-05-07,78697.15726544795,BTC
2026-05-08,78701.37890809687,BTC
2026-05-09,78704.54838750098,BTC
2026-05-10,78706.56828113762,BTC
2026-05-11,78707.6464237218,BTC
2026-05-12,78708.19848468358,BTC
2026-05-13,78708.34137105016,BTC
2026-05-14,78708.14003116998,BTC
2026-05-15,78708.04910348216,BTC
2026-05-16,78707.8932274459,BTC
2026-05-17,78708.00363963825,BTC
2026-05-18,78708.46477291221,BTC
2026-05-19,78709.08178222243,BTC
2026-05-20,78710.19239898084,BTC
2026-05-21,78712.37466348859,BTC
2026-05-22,78715.16094763688,BTC
2026-05-23,78718.53176692117,BTC
2026-05-24,78722.24031761737,BTC
2026-05-25,78726.2736100558,BTC
2026-05-26,78730.8134996121,BTC
2026-05-27,78735.47679103044,BTC
2026-05-28,78740.21152563207,BTC
2026-05-29,78744.89430155494,BTC
2026-05-30,78749.35625309311,BTC
2026-05-31,78753.40253520122,BTC
2026-06-01,78757.33191028214,BTC
2026-06-02,78760.18314277887,BTC
2026-06-03,78761.94973785657,BTC
2026-06-04,78762.79406638636,BTC
2026-06-05,78762.81355089089,BTC
2026-06-06,78761.83932566422,BTC
2026-06-07,78759.7934526882,BTC
2026-06-08,78756.72139580676,BTC
2026-06-09,78752.23346492922,BTC
2026-06-10,78746.51801026607,BTC
2026-06-11,78739.43214545073,BTC
2026-06-12,78731.12525168463,BTC
2026-06-13,78721.36351491336,BTC
2026-06-14,78710.34827501711,BTC
2026-06-15,78698.18994418823,BTC
2026-06-16,78684.50532717089,BTC
2026-06-17,78669.59318636794,BTC
2026-06-18,78653.34310958703,BTC
2026-06-19,78635.38489124202,BTC
2026-06-20,78616.08873691905,BTC
2026-06-21,78595.5260898014,BTC
2026-06-22,78573.80736208142,BTC
2026-06-23,78551.10791429994,BTC
2026-06-24,78527.51217930991,BTC
2026-06-25,78503.34489885357,BTC
2026-06-26,78478.4437020598,BTC
2026-06-27,78452.97095979971,BTC
2026-06-28,78427.22543447616,BTC
